tweet,sentiment
Average performance.,neutral
Average performance.,neutral
What a wonderful experience!,positive
Everything went wrong.,negative
Absolutely horrible.,negative
I'm so disappointed.,negative
Everything went wrong.,negative
So annoying and buggy.,negative
It's okay.,neutral
Really bad update.,negative
I hate this!,negative
So annoying and buggy.,negative
I'm so happy with the results.,positive
Worst service ever.,negative
What a wonderful experience!,positive
What a wonderful experience!,positive
Really bad update.,negative
Everything went wrong.,negative
Nothing special.,neutral
Absolutely horrible.,negative
Totally impressed with the service.,positive
Worst service ever.,negative
Not happy with this.,negative
It was fine.,neutral
Average performance.,neutral
So annoying and buggy.,negative
Totally impressed with the service.,positive
Fantastic support team!,positive
This update is fantastic!,positive
Terrible experience.,negative
Just another day.,neutral
Everything went wrong.,negative
This update is fantastic!,positive
Meh.,neutral
Amazing day!,positive
Worst service ever.,negative
No big deal.,neutral
Meh.,neutral
Really bad update.,negative
Absolutely loving it.,positive
Not happy with this.,negative
So annoying and buggy.,negative
I feel neutral about this.,neutral
"Wow, incredible results!",positive
Terrible experience.,negative
Meh.,neutral
I love this!,positive
Amazing day!,positive
I'm so happy with the results.,positive
It was fine.,neutral
Nothing special.,neutral
Everything went wrong.,negative
Just another day.,neutral
This is frustrating.,negative
Fantastic support team!,positive
Terrible experience.,negative
Absolutely horrible.,negative
I'm so disappointed.,negative
Fantastic support team!,positive
I feel neutral about this.,neutral
Feeling great today!,positive
I'm so disappointed.,negative
I hate this!,negative
Meh.,neutral
So annoying and buggy.,negative
Normal experience.,neutral
So annoying and buggy.,negative
Average performance.,neutral
Not happy with this.,negative
I'm so happy with the results.,positive
I'm so disappointed.,negative
Worst service ever.,negative
Terrible experience.,negative
Worst service ever.,negative
I feel neutral about this.,neutral
Terrible experience.,negative
It is what it is.,neutral
I feel neutral about this.,neutral
Just another day.,neutral
This update is fantastic!,positive
Fantastic support team!,positive
Totally impressed with the service.,positive
I'm so disappointed.,negative
I'm so disappointed.,negative
I feel neutral about this.,neutral
Average performance.,neutral
Totally impressed with the service.,positive
Worst service ever.,negative
I'm so disappointed.,negative
Terrible experience.,negative
Nothing special.,neutral
I'm so disappointed.,negative
Not happy with this.,negative
Nothing special.,neutral
No big deal.,neutral
I hate this!,negative
I hate this!,negative
So annoying and buggy.,negative
"Wow, incredible results!",positive
It's okay.,neutral
No big deal.,neutral
Just another day.,neutral
Everything went wrong.,negative
It was fine.,neutral
This update is fantastic!,positive
Everything went wrong.,negative
Totally impressed with the service.,positive
I hate this!,negative
Worst service ever.,negative
Feeling great today!,positive
I love this!,positive
Totally impressed with the service.,positive
No big deal.,neutral
Totally impressed with the service.,positive
"Wow, incredible results!",positive
I love this!,positive
Worst service ever.,negative
Not happy with this.,negative
Meh.,neutral
I love this!,positive
I feel neutral about this.,neutral
I hate this!,negative
It is what it is.,neutral
So annoying and buggy.,negative
Amazing day!,positive
It was fine.,neutral
Everything went wrong.,negative
Worst service ever.,negative
I hate this!,negative
Really bad update.,negative
Normal experience.,neutral
Terrible experience.,negative
Worst service ever.,negative
It is what it is.,neutral
It's okay.,neutral
Amazing day!,positive
Fantastic support team!,positive
What a wonderful experience!,positive
Terrible experience.,negative
Amazing day!,positive
Normal experience.,neutral
I feel neutral about this.,neutral
Absolutely loving it.,positive
It is what it is.,neutral
Terrible experience.,negative
Fantastic support team!,positive
It is what it is.,neutral
So annoying and buggy.,negative
I feel neutral about this.,neutral
I'm so disappointed.,negative
No big deal.,neutral
Fantastic support team!,positive
Amazing day!,positive
It is what it is.,neutral
Amazing day!,positive
Amazing day!,positive
I feel neutral about this.,neutral
So annoying and buggy.,negative
No big deal.,neutral
It was fine.,neutral
Worst service ever.,negative
I hate this!,negative
Totally impressed with the service.,positive
Average performance.,neutral
No big deal.,neutral
"Wow, incredible results!",positive
Feeling great today!,positive
Just another day.,neutral
It was fine.,neutral
Totally impressed with the service.,positive
Absolutely horrible.,negative
Really bad update.,negative
I'm so disappointed.,negative
Totally impressed with the service.,positive
Absolutely loving it.,positive
Absolutely loving it.,positive
I'm so happy with the results.,positive
This is frustrating.,negative
Really bad update.,negative
This update is fantastic!,positive
Worst service ever.,negative
Nothing special.,neutral
It was fine.,neutral
It's okay.,neutral
Really bad update.,negative
I'm so disappointed.,negative
Feeling great today!,positive
I hate this!,negative
It was fine.,neutral
Feeling great today!,positive
So annoying and buggy.,negative
So annoying and buggy.,negative
Worst service ever.,negative
Nothing special.,neutral
I'm so disappointed.,negative
Terrible experience.,negative
Totally impressed with the service.,positive
"Wow, incredible results!",positive
Fantastic support team!,positive
It's okay.,neutral
What a wonderful experience!,positive
Normal experience.,neutral
Everything went wrong.,negative
Average performance.,neutral
Terrible experience.,negative
Absolutely loving it.,positive
This is frustrating.,negative
Meh.,neutral
Terrible experience.,negative
Absolutely loving it.,positive
Feeling great today!,positive
This is frustrating.,negative
"Wow, incredible results!",positive
I'm so disappointed.,negative
So annoying and buggy.,negative
This is frustrating.,negative
Not happy with this.,negative
I hate this!,negative
No big deal.,neutral
Meh.,neutral
Everything went wrong.,negative
Absolutely horrible.,negative
Amazing day!,positive
Amazing day!,positive
I feel neutral about this.,neutral
This update is fantastic!,positive
Not happy with this.,negative
Terrible experience.,negative
Just another day.,neutral
Nothing special.,neutral
Feeling great today!,positive
No big deal.,neutral
Absolutely horrible.,negative
Fantastic support team!,positive
Not happy with this.,negative
Fantastic support team!,positive
Feeling great today!,positive
I'm so happy with the results.,positive
So annoying and buggy.,negative
Meh.,neutral
I hate this!,negative
Just another day.,neutral
Worst service ever.,negative
I love this!,positive
This update is fantastic!,positive
What a wonderful experience!,positive
No big deal.,neutral
Not happy with this.,negative
I'm so happy with the results.,positive
I love this!,positive
Just another day.,neutral
Absolutely horrible.,negative
Totally impressed with the service.,positive
It's okay.,neutral
Really bad update.,negative
Nothing special.,neutral
I feel neutral about this.,neutral
This update is fantastic!,positive
What a wonderful experience!,positive
Fantastic support team!,positive
Really bad update.,negative
"Wow, incredible results!",positive
I love this!,positive
What a wonderful experience!,positive
Really bad update.,negative
Terrible experience.,negative
"Wow, incredible results!",positive
Worst service ever.,negative
Meh.,neutral
This update is fantastic!,positive
Totally impressed with the service.,positive
What a wonderful experience!,positive
I'm so disappointed.,negative
I feel neutral about this.,neutral
No big deal.,neutral
Average performance.,neutral
No big deal.,neutral
"Wow, incredible results!",positive
Normal experience.,neutral
Just another day.,neutral
It's okay.,neutral
No big deal.,neutral
Feeling great today!,positive
It was fine.,neutral
"Wow, incredible results!",positive
I'm so disappointed.,negative
No big deal.,neutral
I hate this!,negative
Worst service ever.,negative
Absolutely loving it.,positive
This is frustrating.,negative
Average performance.,neutral
Absolutely loving it.,positive
Feeling great today!,positive
"Wow, incredible results!",positive
It was fine.,neutral
Worst service ever.,negative
Just another day.,neutral
I'm so disappointed.,negative
Totally impressed with the service.,positive
"Wow, incredible results!",positive
Normal experience.,neutral
It was fine.,neutral
So annoying and buggy.,negative
Just another day.,neutral
Not happy with this.,negative
I love this!,positive
Normal experience.,neutral
Just another day.,neutral
Normal experience.,neutral
Amazing day!,positive
So annoying and buggy.,negative
Normal experience.,neutral
I hate this!,negative
So annoying and buggy.,negative
I'm so disappointed.,negative
Absolutely horrible.,negative
Feeling great today!,positive
I'm so happy with the results.,positive
Worst service ever.,negative
It is what it is.,neutral
What a wonderful experience!,positive
It's okay.,neutral
Just another day.,neutral
It's okay.,neutral
It's okay.,neutral
This is frustrating.,negative
What a wonderful experience!,positive
Normal experience.,neutral
It's okay.,neutral
Everything went wrong.,negative
This update is fantastic!,positive
Amazing day!,positive
Worst service ever.,negative
Average performance.,neutral
Nothing special.,neutral
Nothing special.,neutral
What a wonderful experience!,positive
Just another day.,neutral
Meh.,neutral
Absolutely loving it.,positive
Not happy with this.,negative
Fantastic support team!,positive
Really bad update.,negative
No big deal.,neutral
Meh.,neutral
I'm so disappointed.,negative
What a wonderful experience!,positive
I'm so happy with the results.,positive
It's okay.,neutral
Average performance.,neutral
So annoying and buggy.,negative
Totally impressed with the service.,positive
It is what it is.,neutral
Absolutely horrible.,negative
Not happy with this.,negative
No big deal.,neutral
It is what it is.,neutral
Just another day.,neutral
Feeling great today!,positive
I feel neutral about this.,neutral
Feeling great today!,positive
It's okay.,neutral
I feel neutral about this.,neutral
This is frustrating.,negative
Nothing special.,neutral
Absolutely loving it.,positive
Not happy with this.,negative
Absolutely loving it.,positive
I feel neutral about this.,neutral
I hate this!,negative
I feel neutral about this.,neutral
What a wonderful experience!,positive
Feeling great today!,positive
Fantastic support team!,positive
I'm so disappointed.,negative
It was fine.,neutral
Nothing special.,neutral
Just another day.,neutral
What a wonderful experience!,positive
Everything went wrong.,negative
Worst service ever.,negative
Fantastic support team!,positive
I love this!,positive
Totally impressed with the service.,positive
Totally impressed with the service.,positive
No big deal.,neutral
Worst service ever.,negative
Amazing day!,positive
Average performance.,neutral
Nothing special.,neutral
Nothing special.,neutral
Absolutely loving it.,positive
It's okay.,neutral
Just another day.,neutral
What a wonderful experience!,positive
It is what it is.,neutral
Normal experience.,neutral
Terrible experience.,negative
Just another day.,neutral
Absolutely horrible.,negative
Amazing day!,positive
I feel neutral about this.,neutral
This is frustrating.,negative
It is what it is.,neutral
I love this!,positive
Meh.,neutral
Really bad update.,negative
It is what it is.,neutral
I hate this!,negative
Amazing day!,positive
Fantastic support team!,positive
Really bad update.,negative
So annoying and buggy.,negative
I'm so happy with the results.,positive
This update is fantastic!,positive
Meh.,neutral
I hate this!,negative
Meh.,neutral
Not happy with this.,negative
No big deal.,neutral
I hate this!,negative
Just another day.,neutral
This update is fantastic!,positive
Fantastic support team!,positive
Normal experience.,neutral
I hate this!,negative
It was fine.,neutral
Average performance.,neutral
Nothing special.,neutral
I love this!,positive
Really bad update.,negative
I hate this!,negative
Worst service ever.,negative
Nothing special.,neutral
I'm so disappointed.,negative
Meh.,neutral
Nothing special.,neutral
This is frustrating.,negative
I'm so happy with the results.,positive
"Wow, incredible results!",positive
Terrible experience.,negative
Normal experience.,neutral
So annoying and buggy.,negative
Terrible experience.,negative
Terrible experience.,negative
Totally impressed with the service.,positive
Absolutely horrible.,negative
Everything went wrong.,negative
I'm so disappointed.,negative
Fantastic support team!,positive
Terrible experience.,negative
I'm so disappointed.,negative
Totally impressed with the service.,positive
No big deal.,neutral
Worst service ever.,negative
Absolutely loving it.,positive
Normal experience.,neutral
I'm so happy with the results.,positive
So annoying and buggy.,negative
Absolutely horrible.,negative
Absolutely loving it.,positive
Everything went wrong.,negative
Normal experience.,neutral
Feeling great today!,positive
It's okay.,neutral
So annoying and buggy.,negative
"Wow, incredible results!",positive
Terrible experience.,negative
I hate this!,negative
Just another day.,neutral
I'm so happy with the results.,positive
Normal experience.,neutral
"Wow, incredible results!",positive
Terrible experience.,negative
I hate this!,negative
Meh.,neutral
Amazing day!,positive
No big deal.,neutral
This update is fantastic!,positive
It is what it is.,neutral
"Wow, incredible results!",positive
Not happy with this.,negative
It was fine.,neutral
Normal experience.,neutral
Terrible experience.,negative
Not happy with this.,negative
I hate this!,negative
Average performance.,neutral
No big deal.,neutral
I love this!,positive
Amazing day!,positive
Amazing day!,positive
It is what it is.,neutral
Terrible experience.,negative
This is frustrating.,negative
Worst service ever.,negative
I hate this!,negative
Totally impressed with the service.,positive
Everything went wrong.,negative
I'm so happy with the results.,positive
It is what it is.,neutral
Totally impressed with the service.,positive
It was fine.,neutral
Feeling great today!,positive
So annoying and buggy.,negative
Normal experience.,neutral
I'm so happy with the results.,positive
Absolutely horrible.,negative
Terrible experience.,negative
Fantastic support team!,positive
What a wonderful experience!,positive
It's okay.,neutral
Not happy with this.,negative
I hate this!,negative
Worst service ever.,negative
Everything went wrong.,negative
I hate this!,negative
Absolutely loving it.,positive
Totally impressed with the service.,positive
Just another day.,neutral
Just another day.,neutral
It's okay.,neutral
Worst service ever.,negative
I love this!,positive
It is what it is.,neutral
I feel neutral about this.,neutral
Terrible experience.,negative
No big deal.,neutral
Average performance.,neutral
It's okay.,neutral
I hate this!,negative
Everything went wrong.,negative
What a wonderful experience!,positive
Average performance.,neutral
I'm so happy with the results.,positive
Amazing day!,positive
This update is fantastic!,positive
Fantastic support team!,positive
It is what it is.,neutral
It is what it is.,neutral
It was fine.,neutral
I'm so happy with the results.,positive
Just another day.,neutral
Worst service ever.,negative
What a wonderful experience!,positive
This is frustrating.,negative
Amazing day!,positive
Really bad update.,negative
Amazing day!,positive
Nothing special.,neutral
Absolutely loving it.,positive
Nothing special.,neutral
This update is fantastic!,positive
No big deal.,neutral
No big deal.,neutral
Fantastic support team!,positive
I love this!,positive
Amazing day!,positive
"Wow, incredible results!",positive
Worst service ever.,negative
Feeling great today!,positive
This is frustrating.,negative
Meh.,neutral
Absolutely horrible.,negative
Average performance.,neutral
I'm so disappointed.,negative
Everything went wrong.,negative
I love this!,positive
Worst service ever.,negative
I hate this!,negative
Just another day.,neutral
This update is fantastic!,positive
Just another day.,neutral
It's okay.,neutral
So annoying and buggy.,negative
Terrible experience.,negative
Meh.,neutral
Just another day.,neutral
Feeling great today!,positive
Worst service ever.,negative
I'm so disappointed.,negative
Terrible experience.,negative
Normal experience.,neutral
I feel neutral about this.,neutral
I'm so happy with the results.,positive
Amazing day!,positive
It's okay.,neutral
Absolutely loving it.,positive
Just another day.,neutral
"Wow, incredible results!",positive
I hate this!,negative
Normal experience.,neutral
What a wonderful experience!,positive
Everything went wrong.,negative
Everything went wrong.,negative
Nothing special.,neutral
Meh.,neutral
So annoying and buggy.,negative
Normal experience.,neutral
I feel neutral about this.,neutral
I love this!,positive
I feel neutral about this.,neutral
It was fine.,neutral
Amazing day!,positive
Normal experience.,neutral
Average performance.,neutral
No big deal.,neutral
Worst service ever.,negative
Amazing day!,positive
Meh.,neutral
Fantastic support team!,positive
Fantastic support team!,positive
I hate this!,negative
It is what it is.,neutral
Worst service ever.,negative
Absolutely horrible.,negative
Amazing day!,positive
I love this!,positive
Average performance.,neutral
Just another day.,neutral
Not happy with this.,negative
Totally impressed with the service.,positive
It was fine.,neutral
I feel neutral about this.,neutral
Amazing day!,positive
So annoying and buggy.,negative
Everything went wrong.,negative
I hate this!,negative
What a wonderful experience!,positive
Just another day.,neutral
Feeling great today!,positive
Totally impressed with the service.,positive
Meh.,neutral
Fantastic support team!,positive
I'm so happy with the results.,positive
It is what it is.,neutral
It's okay.,neutral
I love this!,positive
Not happy with this.,negative
Nothing special.,neutral
Worst service ever.,negative
Amazing day!,positive
Amazing day!,positive
Meh.,neutral
This is frustrating.,negative
Feeling great today!,positive
What a wonderful experience!,positive
It's okay.,neutral
Not happy with this.,negative
Average performance.,neutral
Average performance.,neutral
Really bad update.,negative
Fantastic support team!,positive
Amazing day!,positive
I'm so disappointed.,negative
Feeling great today!,positive
Feeling great today!,positive
Worst service ever.,negative
Average performance.,neutral
Absolutely loving it.,positive
Fantastic support team!,positive
This update is fantastic!,positive
Not happy with this.,negative
"Wow, incredible results!",positive
Average performance.,neutral
I'm so happy with the results.,positive
What a wonderful experience!,positive
I love this!,positive
Absolutely loving it.,positive
What a wonderful experience!,positive
Really bad update.,negative
Worst service ever.,negative
Really bad update.,negative
It was fine.,neutral
I'm so disappointed.,negative
I feel neutral about this.,neutral
Worst service ever.,negative
So annoying and buggy.,negative
It's okay.,neutral
I hate this!,negative
Totally impressed with the service.,positive
Absolutely loving it.,positive
Totally impressed with the service.,positive
Not happy with this.,negative
Normal experience.,neutral
It's okay.,neutral
Normal experience.,neutral
Everything went wrong.,negative
Fantastic support team!,positive
I love this!,positive
Meh.,neutral
Feeling great today!,positive
Meh.,neutral
Not happy with this.,negative
Really bad update.,negative
Normal experience.,neutral
I'm so happy with the results.,positive
It is what it is.,neutral
Really bad update.,negative
So annoying and buggy.,negative
Not happy with this.,negative
"Wow, incredible results!",positive
Totally impressed with the service.,positive
It is what it is.,neutral
Not happy with this.,negative
It was fine.,neutral
Fantastic support team!,positive
No big deal.,neutral
No big deal.,neutral
I love this!,positive
Not happy with this.,negative
So annoying and buggy.,negative
Everything went wrong.,negative
It was fine.,neutral
No big deal.,neutral
Just another day.,neutral
Meh.,neutral
I love this!,positive
This is frustrating.,negative
Meh.,neutral
No big deal.,neutral
It is what it is.,neutral
I'm so disappointed.,negative
I'm so happy with the results.,positive
Meh.,neutral
Feeling great today!,positive
I'm so disappointed.,negative
What a wonderful experience!,positive
I love this!,positive
This update is fantastic!,positive
I'm so happy with the results.,positive
It's okay.,neutral
I'm so happy with the results.,positive
I love this!,positive
Terrible experience.,negative
It is what it is.,neutral
Meh.,neutral
This is frustrating.,negative
Amazing day!,positive
Normal experience.,neutral
I'm so disappointed.,negative
I'm so happy with the results.,positive
Absolutely loving it.,positive
I hate this!,negative
I hate this!,negative
It's okay.,neutral
It was fine.,neutral
This is frustrating.,negative
It's okay.,neutral
I'm so disappointed.,negative
Not happy with this.,negative
It is what it is.,neutral
Everything went wrong.,negative
Feeling great today!,positive
Nothing special.,neutral
Really bad update.,negative
I love this!,positive
I'm so happy with the results.,positive
Everything went wrong.,negative
What a wonderful experience!,positive
Absolutely horrible.,negative
It is what it is.,neutral
So annoying and buggy.,negative
No big deal.,neutral
It's okay.,neutral
It's okay.,neutral
Everything went wrong.,negative
Totally impressed with the service.,positive
Amazing day!,positive
It was fine.,neutral
Not happy with this.,negative
Really bad update.,negative
This is frustrating.,negative
It was fine.,neutral
It's okay.,neutral
Worst service ever.,negative
I'm so happy with the results.,positive
No big deal.,neutral
Amazing day!,positive
Normal experience.,neutral
Totally impressed with the service.,positive
I hate this!,negative
Absolutely horrible.,negative
I love this!,positive
I'm so disappointed.,negative
Totally impressed with the service.,positive
Totally impressed with the service.,positive
I feel neutral about this.,neutral
Absolutely horrible.,negative
What a wonderful experience!,positive
Absolutely loving it.,positive
I hate this!,negative
"Wow, incredible results!",positive
So annoying and buggy.,negative
Absolutely horrible.,negative
Amazing day!,positive
So annoying and buggy.,negative
Absolutely horrible.,negative
Amazing day!,positive
I'm so happy with the results.,positive
It's okay.,neutral
"Wow, incredible results!",positive
I love this!,positive
Absolutely horrible.,negative
Amazing day!,positive
This is frustrating.,negative
I'm so happy with the results.,positive
I hate this!,negative
Really bad update.,negative
Meh.,neutral
Average performance.,neutral
Absolutely loving it.,positive
Normal experience.,neutral
Totally impressed with the service.,positive
It is what it is.,neutral
I hate this!,negative
Average performance.,neutral
Amazing day!,positive
No big deal.,neutral
It was fine.,neutral
Terrible experience.,negative
So annoying and buggy.,negative
Average performance.,neutral
This update is fantastic!,positive
Terrible experience.,negative
This update is fantastic!,positive
Feeling great today!,positive
Totally impressed with the service.,positive
What a wonderful experience!,positive
Everything went wrong.,negative
Average performance.,neutral
Normal experience.,neutral
Nothing special.,neutral
It is what it is.,neutral
It is what it is.,neutral
No big deal.,neutral
No big deal.,neutral
It is what it is.,neutral
Meh.,neutral
Fantastic support team!,positive
"Wow, incredible results!",positive
Terrible experience.,negative
"Wow, incredible results!",positive
So annoying and buggy.,negative
No big deal.,neutral
I feel neutral about this.,neutral
This update is fantastic!,positive
I feel neutral about this.,neutral
This update is fantastic!,positive
What a wonderful experience!,positive
I love this!,positive
Everything went wrong.,negative
What a wonderful experience!,positive
I hate this!,negative
What a wonderful experience!,positive
Nothing special.,neutral
Everything went wrong.,negative
It is what it is.,neutral
It is what it is.,neutral
Absolutely loving it.,positive
Fantastic support team!,positive
I'm so disappointed.,negative
Feeling great today!,positive
I hate this!,negative
So annoying and buggy.,negative
Absolutely loving it.,positive
Everything went wrong.,negative
Feeling great today!,positive
Absolutely loving it.,positive
I'm so happy with the results.,positive
It is what it is.,neutral
"Wow, incredible results!",positive
Totally impressed with the service.,positive
It was fine.,neutral
Really bad update.,negative
What a wonderful experience!,positive
What a wonderful experience!,positive
Worst service ever.,negative
I love this!,positive
This is frustrating.,negative
Totally impressed with the service.,positive
Worst service ever.,negative
I feel neutral about this.,neutral
Really bad update.,negative
No big deal.,neutral
Nothing special.,neutral
Really bad update.,negative
I'm so happy with the results.,positive
"Wow, incredible results!",positive
Normal experience.,neutral
Fantastic support team!,positive
I'm so happy with the results.,positive
Normal experience.,neutral
Really bad update.,negative
Absolutely horrible.,negative
Worst service ever.,negative
It was fine.,neutral
It was fine.,neutral
I feel neutral about this.,neutral
Terrible experience.,negative
So annoying and buggy.,negative
I feel neutral about this.,neutral
"Wow, incredible results!",positive
Everything went wrong.,negative
This is frustrating.,negative
Worst service ever.,negative
Normal experience.,neutral
Amazing day!,positive
I'm so disappointed.,negative
It is what it is.,neutral
This is frustrating.,negative
This update is fantastic!,positive
I love this!,positive
I'm so disappointed.,negative
This update is fantastic!,positive
Everything went wrong.,negative
Terrible experience.,negative
Just another day.,neutral
Terrible experience.,negative
No big deal.,neutral
Everything went wrong.,negative
Average performance.,neutral
So annoying and buggy.,negative
I'm so happy with the results.,positive
I love this!,positive
Normal experience.,neutral
What a wonderful experience!,positive
I hate this!,negative
It was fine.,neutral
So annoying and buggy.,negative
Fantastic support team!,positive
Amazing day!,positive
I hate this!,negative
I'm so disappointed.,negative
This update is fantastic!,positive
Amazing day!,positive
It's okay.,neutral
Worst service ever.,negative
Nothing special.,neutral
No big deal.,neutral
"Wow, incredible results!",positive
Fantastic support team!,positive
Feeling great today!,positive
I'm so disappointed.,negative
Really bad update.,negative
Meh.,neutral
Normal experience.,neutral
Totally impressed with the service.,positive
Average performance.,neutral
It's okay.,neutral
Feeling great today!,positive
This update is fantastic!,positive
It is what it is.,neutral
I hate this!,negative
So annoying and buggy.,negative
I'm so disappointed.,negative
No big deal.,neutral
Just another day.,neutral
Really bad update.,negative
Normal experience.,neutral
Normal experience.,neutral
It was fine.,neutral
Fantastic support team!,positive
Terrible experience.,negative
Absolutely loving it.,positive
I feel neutral about this.,neutral
I love this!,positive
I hate this!,negative
Feeling great today!,positive
Average performance.,neutral
This is frustrating.,negative
I hate this!,negative
Nothing special.,neutral
Totally impressed with the service.,positive
I love this!,positive
Average performance.,neutral
Nothing special.,neutral
I hate this!,negative
Terrible experience.,negative
Everything went wrong.,negative
Average performance.,neutral
Really bad update.,negative
Absolutely loving it.,positive
Amazing day!,positive
Meh.,neutral
This is frustrating.,negative
Amazing day!,positive
I'm so happy with the results.,positive
I love this!,positive
Fantastic support team!,positive
No big deal.,neutral
Not happy with this.,negative
Fantastic support team!,positive
Feeling great today!,positive
Meh.,neutral
Totally impressed with the service.,positive
I'm so happy with the results.,positive
Normal experience.,neutral
I love this!,positive
This update is fantastic!,positive
This update is fantastic!,positive
This update is fantastic!,positive
So annoying and buggy.,negative
Normal experience.,neutral
No big deal.,neutral
It's okay.,neutral
Absolutely loving it.,positive
Absolutely horrible.,negative
Feeling great today!,positive
No big deal.,neutral
It is what it is.,neutral
Terrible experience.,negative
Amazing day!,positive
Terrible experience.,negative
It was fine.,neutral
It was fine.,neutral
No big deal.,neutral
I feel neutral about this.,neutral
Worst service ever.,negative
So annoying and buggy.,negative
I hate this!,negative
It's okay.,neutral
Absolutely loving it.,positive
Not happy with this.,negative
Terrible experience.,negative
This update is fantastic!,positive
Feeling great today!,positive
It was fine.,neutral
Everything went wrong.,negative
"Wow, incredible results!",positive
I feel neutral about this.,neutral
I feel neutral about this.,neutral
I'm so happy with the results.,positive
Nothing special.,neutral
What a wonderful experience!,positive
I hate this!,negative
Really bad update.,negative
Really bad update.,negative
I'm so disappointed.,negative
I'm so disappointed.,negative
Normal experience.,neutral
Amazing day!,positive
I love this!,positive
This update is fantastic!,positive
"Wow, incredible results!",positive
This is frustrating.,negative
Amazing day!,positive
Absolutely horrible.,negative
I'm so disappointed.,negative
Feeling great today!,positive
It was fine.,neutral
It's okay.,neutral
Totally impressed with the service.,positive
"Wow, incredible results!",positive
I'm so disappointed.,negative
Feeling great today!,positive
Normal experience.,neutral
I'm so disappointed.,negative
Really bad update.,negative
I'm so happy with the results.,positive
Totally impressed with the service.,positive
So annoying and buggy.,negative
Amazing day!,positive
What a wonderful experience!,positive
Absolutely horrible.,negative
Everything went wrong.,negative
This update is fantastic!,positive
Average performance.,neutral
Just another day.,neutral
I'm so happy with the results.,positive
Terrible experience.,negative
Nothing special.,neutral
Amazing day!,positive
This update is fantastic!,positive
Meh.,neutral
Terrible experience.,negative
This is frustrating.,negative
I feel neutral about this.,neutral
Amazing day!,positive
This is frustrating.,negative
Absolutely horrible.,negative
Really bad update.,negative
Amazing day!,positive
No big deal.,neutral
I feel neutral about this.,neutral
This is frustrating.,negative
Totally impressed with the service.,positive
Amazing day!,positive
Meh.,neutral
Absolutely loving it.,positive
I'm so disappointed.,negative
Amazing day!,positive
Amazing day!,positive
Absolutely horrible.,negative
What a wonderful experience!,positive
Terrible experience.,negative
This update is fantastic!,positive
Normal experience.,neutral
It is what it is.,neutral
No big deal.,neutral
"Wow, incredible results!",positive
This is frustrating.,negative
Everything went wrong.,negative
It was fine.,neutral
Average performance.,neutral
Nothing special.,neutral
Totally impressed with the service.,positive
I hate this!,negative
Really bad update.,negative
It's okay.,neutral
What a wonderful experience!,positive
It's okay.,neutral
Meh.,neutral
I'm so happy with the results.,positive
Terrible experience.,negative
Terrible experience.,negative
"Wow, incredible results!",positive
Amazing day!,positive
I feel neutral about this.,neutral
It's okay.,neutral
Terrible experience.,negative
Just another day.,neutral
Totally impressed with the service.,positive
Amazing day!,positive
Absolutely horrible.,negative
Really bad update.,negative
I hate this!,negative
It was fine.,neutral
I feel neutral about this.,neutral
Absolutely loving it.,positive
I'm so disappointed.,negative
It's okay.,neutral
I'm so disappointed.,negative
Not happy with this.,negative
Nothing special.,neutral
Absolutely horrible.,negative
Absolutely loving it.,positive
It's okay.,neutral
Absolutely horrible.,negative
It's okay.,neutral
I love this!,positive
"Wow, incredible results!",positive
Average performance.,neutral
Totally impressed with the service.,positive
Normal experience.,neutral
Terrible experience.,negative
Fantastic support team!,positive
What a wonderful experience!,positive
It's okay.,neutral
This update is fantastic!,positive
Feeling great today!,positive
Absolutely horrible.,negative
It is what it is.,neutral
This update is fantastic!,positive
No big deal.,neutral
No big deal.,neutral
Absolutely horrible.,negative
Nothing special.,neutral
Totally impressed with the service.,positive
So annoying and buggy.,negative
It is what it is.,neutral
What a wonderful experience!,positive
Fantastic support team!,positive
Normal experience.,neutral
Absolutely loving it.,positive
Nothing special.,neutral
No big deal.,neutral
So annoying and buggy.,negative
I'm so happy with the results.,positive
Totally impressed with the service.,positive
I love this!,positive
Just another day.,neutral
No big deal.,neutral
Fantastic support team!,positive
No big deal.,neutral
Fantastic support team!,positive
Not happy with this.,negative
Not happy with this.,negative
I'm so happy with the results.,positive
It is what it is.,neutral
Everything went wrong.,negative
Nothing special.,neutral
It was fine.,neutral
Absolutely horrible.,negative
It's okay.,neutral
Normal experience.,neutral
Nothing special.,neutral
Not happy with this.,negative
Nothing special.,neutral
I feel neutral about this.,neutral
I hate this!,negative
Not happy with this.,negative
I'm so happy with the results.,positive
It was fine.,neutral
What a wonderful experience!,positive
Everything went wrong.,negative
Nothing special.,neutral
Nothing special.,neutral
No big deal.,neutral
fuck, negative
Sex, negative
rape, negative
god, positive